{"stats":{"minecraft:used":{"minecraft:oak_fence":63,"minecraft:water_bucket":35,"minecraft:bamboo_mosaic":1,"minecraft:leather_leggings":1,"minecraft:red_sand":4,"minecraft:cow_spawn_egg":6,"minecraft:spruce_door":4,"minecraft:flint_and_steel":21,"minecraft:red_concrete":154,"minecraft:armor_stand":6,"minecraft:redstone":2,"minecraft:poppy":5,"minecraft:oak_sign":2,"minecraft:mycelium":48,"minecraft:green_banner":14,"minecraft:brown_concrete":88,"minecraft:stone":12,"minecraft:spruce_sign":2,"minecraft:farmland":21,"minecraft:netherrack":4,"minecraft:oak_leaves":158,"minecraft:polished_blackstone_pressure_plate":2,"minecraft:dirt":127,"minecraft:birch_pressure_plate":5,"minecraft:comparator":1,"minecraft:vine":41,"minecraft:tnt":32,"minecraft:crafting_table":3,"minecraft:yellow_concrete":628,"minecraft:oak_wood":28,"minecraft:infested_stone_bricks":54,"minecraft:warped_pressure_plate":1,"minecraft:birch_fence":7,"minecraft:redstone_torch":1,"minecraft:oak_log":153,"minecraft:glass":50,"minecraft:stone_brick_slab":61,"minecraft:lever":2,"minecraft:green_concrete":464,"minecraft:flower_pot":2,"minecraft:light":10,"minecraft:black_wool":7,"minecraft:bricks":6,"minecraft:command_block":46,"minecraft:sunflower":147,"minecraft:grass_block":644,"minecraft:mangrove_propagule":7,"minecraft:string":3,"minecraft:jungle_log":7,"minecraft:green_wool":1,"minecraft:spruce_pressure_plate":1,"minecraft:oak_pressure_plate":1,"minecraft:iron_door":1,"minecraft:stone_bricks":451,"minecraft:item_frame":2,"minecraft:light_gray_wool":708,"minecraft:tripwire_hook":2,"minecraft:repeater":9,"minecraft:hay_block":208,"minecraft:emerald_block":427,"minecraft:yellow_glazed_terracotta":37,"minecraft:oak_sapling":1,"minecraft:podzol":37,"minecraft:bucket":1,"minecraft:glass_pane":25,"minecraft:polished_blackstone_button":19,"minecraft:stone_pressure_plate":2,"minecraft:white_concrete":257,"minecraft:coarse_dirt":62,"minecraft:gray_wool":383,"minecraft:observer":2,"minecraft:bone_meal":164,"minecraft:cobweb":211},"minecraft:picked_up":{"minecraft:wooden_axe":2,"minecraft:coarse_dirt":1,"minecraft:azure_bluet":1,"minecraft:water_bucket":2,"minecraft:leather":2,"minecraft:brown_concrete":217,"minecraft:cornflower":1,"minecraft:dirt":2,"minecraft:item_frame":1,"minecraft:birch_fence":1,"minecraft:glass_pane":64,"minecraft:wheat_seeds":1,"minecraft:beef":6,"minecraft:light_gray_wool":64,"minecraft:stick":1,"minecraft:dandelion":2,"minecraft:green_concrete":2,"minecraft:cow_spawn_egg":1,"minecraft:polished_blackstone_button":1,"minecraft:hay_block":15,"minecraft:bone_meal":64,"minecraft:gray_wool":1,"minecraft:white_concrete":2},"minecraft:crafted":{"minecraft:leather_leggings":3,"minecraft:leather_boots":2,"minecraft:leather_helmet":1,"minecraft:leather_chestplate":3},"minecraft:dropped":{"minecraft:wooden_axe":1},"minecraft:custom":{"minecraft:interact_with_crafting_table":4,"minecraft:leave_game":4,"minecraft:time_since_death":313491,"minecraft:climb_one_cm":655,"minecraft:time_since_rest":313520,"minecraft:damage_taken":20,"minecraft:sprint_one_cm":146962,"minecraft:walk_one_cm":959423,"minecraft:drop":1,"minecraft:damage_dealt":40,"minecraft:fly_one_cm":1452525,"minecraft:crouch_one_cm":1626,"minecraft:play_time":340875,"minecraft:deaths":1,"minecraft:sneak_time":5905,"minecraft:walk_under_water_one_cm":567,"minecraft:jump":1141,"minecraft:walk_on_water_one_cm":7031,"minecraft:total_world_time":406863,"minecraft:fall_one_cm":418}},"DataVersion":3578}